call mtr.add_suppression("InnoDB: New log files created");
CREATE TABLE t(i INT) ENGINE INNODB;
INSERT INTO t VALUES(1);
INSERT INTO t VALUES(2);
SELECT * FROM t;
i
1
2
SELECT * FROM t;
i
1
2
DROP TABLE t;
